-- phpMyAdmin SQL Dump
-- version 5.2.0
-- https://www.phpmyadmin.net/
--
-- Host: 127.0.0.1:3307
-- Waktu pembuatan: 14 Agu 2023 pada 18.15
-- Versi server: 10.4.27-MariaDB
-- Versi PHP: 8.2.0

SET SQL_MODE = "NO_AUTO_VALUE_ON_ZERO";
START TRANSACTION;
SET time_zone = "+00:00";


/*!40101 SET @OLD_CHARACTER_SET_CLIENT=@@CHARACTER_SET_CLIENT */;
/*!40101 SET @OLD_CHARACTER_SET_RESULTS=@@CHARACTER_SET_RESULTS */;
/*!40101 SET @OLD_COLLATION_CONNECTION=@@COLLATION_CONNECTION */;
/*!40101 SET NAMES utf8mb4 */;

--
-- Database: `db`
--

-- --------------------------------------------------------

--
-- Struktur dari tabel `keluar`
--

CREATE TABLE `keluar` (
  `idkeluar` int(11) NOT NULL,
  `idbarang` int(11) NOT NULL,
  `tanggal` timestamp NOT NULL DEFAULT current_timestamp() ON UPDATE current_timestamp(),
  `qty` int(11) NOT NULL,
  `petugas` varchar(50) NOT NULL,
  `penerima` varchar(50) NOT NULL
) ENGINE=InnoDB DEFAULT CHARSET=utf8mb4 COLLATE=utf8mb4_general_ci;

--
-- Dumping data untuk tabel `keluar`
--

INSERT INTO `keluar` (`idkeluar`, `idbarang`, `tanggal`, `qty`, `petugas`, `penerima`) VALUES
(903, 41, '2022-06-30 17:00:00', 62, 'Restu', 'Staff Dep. Produksi'),
(904, 2, '2022-07-01 17:00:00', 73, 'Restu', 'Staff Dep. Produksi'),
(905, 15, '2022-07-01 17:00:00', 70, 'Restu', 'Staff Dep. Produksi'),
(906, 48, '2022-07-01 17:00:00', 71, 'Restu', 'Staff Dep. Produksi'),
(907, 33, '2022-07-02 17:00:00', 79, 'Restu', 'Staff Dep. Produksi'),
(908, 45, '2022-07-02 17:00:00', 51, 'Restu', 'Staff Dep. Produksi'),
(909, 25, '2022-07-03 17:00:00', 75, 'Restu', 'Staff Dep. Produksi'),
(910, 8, '2022-07-07 17:00:00', 75, 'Restu', 'Staff Dep. Produksi'),
(911, 30, '2022-07-07 17:00:00', 62, 'Restu', 'Staff Dep. Produksi'),
(912, 12, '2022-07-08 17:00:00', 75, 'Restu', 'Staff Dep. Produksi'),
(913, 5, '2022-07-09 17:00:00', 73, 'Restu', 'Staff Dep. Produksi'),
(914, 32, '2022-07-10 17:00:00', 78, 'Restu', 'Staff Dep. Produksi'),
(915, 10, '2022-07-11 17:00:00', 67, 'Restu', 'Staff Dep. Produksi'),
(916, 13, '2022-07-11 17:00:00', 54, 'Restu', 'Staff Dep. Produksi'),
(917, 17, '2022-07-12 17:00:00', 64, 'Restu', 'Staff Dep. Produksi'),
(918, 18, '2022-07-14 17:00:00', 66, 'Restu', 'Staff Dep. Produksi'),
(919, 13, '2022-07-15 17:00:00', 60, 'Restu', 'Staff Dep. Produksi'),
(920, 13, '2022-07-17 17:00:00', 71, 'Restu', 'Staff Dep. Produksi'),
(921, 50, '2022-07-17 17:00:00', 77, 'Restu', 'Staff Dep. Produksi'),
(922, 19, '2022-07-19 17:00:00', 62, 'Restu', 'Staff Dep. Produksi'),
(923, 24, '2022-07-19 17:00:00', 64, 'Restu', 'Staff Dep. Produksi'),
(924, 14, '2022-07-20 17:00:00', 56, 'Restu', 'Staff Dep. Produksi'),
(925, 19, '2022-07-21 17:00:00', 64, 'Restu', 'Staff Dep. Produksi'),
(926, 29, '2022-07-21 17:00:00', 58, 'Restu', 'Staff Dep. Produksi'),
(927, 22, '2022-07-22 17:00:00', 76, 'Restu', 'Staff Dep. Produksi'),
(928, 37, '2022-07-25 17:00:00', 68, 'Restu', 'Staff Dep. Produksi'),
(929, 34, '2022-07-26 17:00:00', 75, 'Restu', 'Staff Dep. Produksi'),
(930, 23, '2022-07-27 17:00:00', 53, 'Restu', 'Staff Dep. Produksi'),
(931, 49, '2022-07-28 17:00:00', 66, 'Restu', 'Staff Dep. Produksi'),
(932, 31, '2022-07-29 17:00:00', 72, 'Restu', 'Staff Dep. Produksi'),
(933, 42, '2022-07-30 17:00:00', 71, 'Restu', 'Staff Dep. Produksi'),
(934, 8, '2022-07-31 17:00:00', 56, 'Restu', 'Staff Dep. Produksi'),
(935, 31, '2022-07-31 17:00:00', 77, 'Restu', 'Staff Dep. Produksi'),
(936, 13, '2022-08-01 17:00:00', 71, 'Restu', 'Staff Dep. Produksi'),
(937, 39, '2022-08-01 17:00:00', 79, 'Restu', 'Staff Dep. Produksi'),
(938, 39, '2022-08-01 17:00:00', 73, 'Restu', 'Staff Dep. Produksi'),
(939, 42, '2022-08-01 17:00:00', 54, 'Restu', 'Staff Dep. Produksi'),
(940, 23, '2022-08-02 17:00:00', 65, 'Restu', 'Staff Dep. Produksi'),
(941, 50, '2022-08-02 17:00:00', 75, 'Restu', 'Staff Dep. Produksi'),
(942, 19, '2022-08-03 17:00:00', 80, 'Restu', 'Staff Dep. Produksi'),
(943, 31, '2022-08-03 17:00:00', 78, 'Restu', 'Staff Dep. Produksi'),
(944, 14, '2022-08-04 17:00:00', 71, 'Restu', 'Staff Dep. Produksi'),
(945, 47, '2022-08-05 17:00:00', 59, 'Restu', 'Staff Dep. Produksi'),
(946, 32, '2022-08-06 17:00:00', 61, 'Restu', 'Staff Dep. Produksi'),
(947, 34, '2022-08-06 17:00:00', 50, 'Restu', 'Staff Dep. Produksi'),
(948, 2, '2022-08-09 17:00:00', 67, 'Restu', 'Staff Dep. Produksi'),
(949, 40, '2022-08-09 17:00:00', 71, 'Restu', 'Staff Dep. Produksi'),
(950, 43, '2022-08-10 17:00:00', 54, 'Restu', 'Staff Dep. Produksi'),
(951, 1, '2022-08-12 17:00:00', 76, 'Restu', 'Staff Dep. Produksi'),
(952, 30, '2022-08-12 17:00:00', 56, 'Restu', 'Staff Dep. Produksi'),
(953, 18, '2022-08-14 17:00:00', 78, 'Restu', 'Staff Dep. Produksi'),
(954, 43, '2022-08-14 17:00:00', 80, 'Restu', 'Staff Dep. Produksi'),
(955, 24, '2022-08-16 17:00:00', 74, 'Restu', 'Staff Dep. Produksi'),
(956, 15, '2022-08-17 17:00:00', 75, 'Restu', 'Staff Dep. Produksi'),
(957, 34, '2022-08-17 17:00:00', 60, 'Restu', 'Staff Dep. Produksi'),
(958, 23, '2022-08-19 17:00:00', 67, 'Restu', 'Staff Dep. Produksi'),
(959, 27, '2022-08-19 17:00:00', 62, 'Restu', 'Staff Dep. Produksi'),
(960, 18, '2022-08-20 17:00:00', 64, 'Restu', 'Staff Dep. Produksi'),
(961, 32, '2022-08-21 17:00:00', 67, 'Restu', 'Staff Dep. Produksi'),
(962, 9, '2022-08-22 17:00:00', 58, 'Restu', 'Staff Dep. Produksi'),
(963, 48, '2022-08-24 17:00:00', 72, 'Restu', 'Staff Dep. Produksi'),
(964, 11, '2022-08-25 17:00:00', 53, 'Restu', 'Staff Dep. Produksi'),
(965, 22, '2022-08-25 17:00:00', 76, 'Restu', 'Staff Dep. Produksi'),
(966, 8, '2022-08-28 17:00:00', 60, 'Restu', 'Staff Dep. Produksi'),
(967, 42, '2022-08-28 17:00:00', 69, 'Restu', 'Staff Dep. Produksi'),
(968, 10, '2022-08-29 17:00:00', 73, 'Restu', 'Staff Dep. Produksi'),
(969, 21, '2022-08-29 17:00:00', 61, 'Restu', 'Staff Dep. Produksi'),
(970, 45, '2022-08-31 17:00:00', 61, 'Restu', 'Staff Dep. Produksi'),
(971, 21, '2022-09-03 17:00:00', 80, 'Restu', 'Staff Dep. Produksi'),
(972, 19, '2022-09-04 17:00:00', 77, 'Restu', 'Staff Dep. Produksi'),
(973, 25, '2022-09-05 17:00:00', 59, 'Restu', 'Staff Dep. Produksi'),
(974, 9, '2022-09-06 17:00:00', 62, 'Restu', 'Staff Dep. Produksi'),
(975, 47, '2022-09-06 17:00:00', 59, 'Restu', 'Staff Dep. Produksi'),
(976, 7, '2022-09-08 17:00:00', 69, 'Restu', 'Staff Dep. Produksi'),
(977, 4, '2022-09-10 17:00:00', 52, 'Restu', 'Staff Dep. Produksi'),
(978, 19, '2022-09-10 17:00:00', 76, 'Restu', 'Staff Dep. Produksi'),
(979, 39, '2022-09-11 17:00:00', 78, 'Restu', 'Staff Dep. Produksi'),
(980, 36, '2022-09-12 17:00:00', 58, 'Restu', 'Staff Dep. Produksi'),
(981, 18, '2022-09-13 17:00:00', 58, 'Restu', 'Staff Dep. Produksi'),
(982, 29, '2022-09-14 17:00:00', 62, 'Restu', 'Staff Dep. Produksi'),
(983, 16, '2022-09-15 17:00:00', 73, 'Restu', 'Staff Dep. Produksi'),
(984, 21, '2022-09-15 17:00:00', 62, 'Restu', 'Staff Dep. Produksi'),
(985, 29, '2022-09-16 17:00:00', 52, 'Restu', 'Staff Dep. Produksi'),
(986, 1, '2022-09-17 17:00:00', 65, 'Restu', 'Staff Dep. Produksi'),
(987, 28, '2022-09-17 17:00:00', 50, 'Restu', 'Staff Dep. Produksi'),
(988, 34, '2022-09-17 17:00:00', 60, 'Restu', 'Staff Dep. Produksi'),
(989, 44, '2022-09-18 17:00:00', 73, 'Restu', 'Staff Dep. Produksi'),
(990, 1, '2022-09-19 17:00:00', 69, 'Restu', 'Staff Dep. Produksi'),
(991, 27, '2022-09-19 17:00:00', 64, 'Restu', 'Staff Dep. Produksi'),
(992, 6, '2022-09-20 17:00:00', 54, 'Restu', 'Staff Dep. Produksi'),
(993, 16, '2022-09-20 17:00:00', 70, 'Restu', 'Staff Dep. Produksi'),
(994, 23, '2022-09-20 17:00:00', 76, 'Restu', 'Staff Dep. Produksi'),
(995, 24, '2022-09-20 17:00:00', 52, 'Restu', 'Staff Dep. Produksi'),
(996, 35, '2022-09-24 17:00:00', 71, 'Restu', 'Staff Dep. Produksi'),
(997, 8, '2022-09-25 17:00:00', 79, 'Restu', 'Staff Dep. Produksi'),
(998, 20, '2022-09-26 17:00:00', 73, 'Restu', 'Staff Dep. Produksi'),
(999, 26, '2022-09-26 17:00:00', 66, 'Restu', 'Staff Dep. Produksi'),
(1000, 25, '2022-09-28 17:00:00', 69, 'Restu', 'Staff Dep. Produksi'),
(1001, 1, '2022-09-29 17:00:00', 63, 'Restu', 'Staff Dep. Produksi'),
(1002, 46, '2022-09-30 17:00:00', 56, 'Restu', 'Staff Dep. Produksi'),
(1003, 7, '2022-10-03 17:00:00', 57, 'Restu', 'Staff Dep. Produksi'),
(1004, 38, '2022-10-07 17:00:00', 65, 'Restu', 'Staff Dep. Produksi'),
(1005, 38, '2022-10-09 17:00:00', 68, 'Restu', 'Staff Dep. Produksi'),
(1006, 13, '2022-10-10 17:00:00', 72, 'Restu', 'Staff Dep. Produksi'),
(1007, 37, '2022-10-10 17:00:00', 72, 'Restu', 'Staff Dep. Produksi'),
(1008, 3, '2022-10-11 17:00:00', 50, 'Restu', 'Staff Dep. Produksi'),
(1009, 39, '2022-10-11 17:00:00', 55, 'Restu', 'Staff Dep. Produksi'),
(1010, 18, '2022-10-12 17:00:00', 55, 'Restu', 'Staff Dep. Produksi'),
(1011, 33, '2022-10-12 17:00:00', 68, 'Restu', 'Staff Dep. Produksi'),
(1012, 10, '2022-10-13 17:00:00', 51, 'Restu', 'Staff Dep. Produksi'),
(1013, 16, '2022-10-13 17:00:00', 65, 'Restu', 'Staff Dep. Produksi'),
(1014, 47, '2022-10-13 17:00:00', 57, 'Restu', 'Staff Dep. Produksi'),
(1015, 14, '2022-10-14 17:00:00', 66, 'Restu', 'Staff Dep. Produksi'),
(1016, 4, '2022-10-16 17:00:00', 71, 'Restu', 'Staff Dep. Produksi'),
(1017, 22, '2022-10-16 17:00:00', 69, 'Restu', 'Staff Dep. Produksi'),
(1018, 26, '2022-10-17 17:00:00', 78, 'Restu', 'Staff Dep. Produksi'),
(1019, 41, '2022-10-18 17:00:00', 74, 'Restu', 'Staff Dep. Produksi'),
(1020, 50, '2022-10-18 17:00:00', 62, 'Restu', 'Staff Dep. Produksi'),
(1021, 20, '2022-10-20 17:00:00', 68, 'Restu', 'Staff Dep. Produksi'),
(1022, 12, '2022-10-21 17:00:00', 53, 'Restu', 'Staff Dep. Produksi'),
(1023, 30, '2022-10-21 17:00:00', 50, 'Restu', 'Staff Dep. Produksi'),
(1024, 1, '2022-10-22 17:00:00', 68, 'Restu', 'Staff Dep. Produksi'),
(1025, 39, '2022-10-22 17:00:00', 54, 'Restu', 'Staff Dep. Produksi'),
(1026, 43, '2022-10-24 17:00:00', 75, 'Restu', 'Staff Dep. Produksi'),
(1027, 36, '2022-10-25 17:00:00', 72, 'Restu', 'Staff Dep. Produksi'),
(1028, 8, '2022-10-26 17:00:00', 57, 'Restu', 'Staff Dep. Produksi'),
(1029, 16, '2022-10-28 17:00:00', 63, 'Restu', 'Staff Dep. Produksi'),
(1030, 17, '2022-10-30 17:00:00', 52, 'Restu', 'Staff Dep. Produksi'),
(1031, 28, '2022-10-30 17:00:00', 64, 'Restu', 'Staff Dep. Produksi'),
(1032, 32, '2022-10-30 17:00:00', 76, 'Restu', 'Staff Dep. Produksi'),
(1033, 42, '2022-10-31 17:00:00', 74, 'Restu', 'Staff Dep. Produksi'),
(1034, 50, '2022-10-31 17:00:00', 79, 'Restu', 'Staff Dep. Produksi'),
(1035, 25, '2022-11-01 17:00:00', 77, 'Restu', 'Staff Dep. Produksi'),
(1036, 42, '2022-11-01 17:00:00', 56, 'Restu', 'Staff Dep. Produksi'),
(1037, 19, '2022-11-02 17:00:00', 79, 'Restu', 'Staff Dep. Produksi'),
(1038, 9, '2022-11-03 17:00:00', 53, 'Restu', 'Staff Dep. Produksi'),
(1039, 48, '2022-11-04 17:00:00', 58, 'Restu', 'Staff Dep. Produksi'),
(1040, 3, '2022-11-06 17:00:00', 72, 'Restu', 'Staff Dep. Produksi'),
(1041, 50, '2022-11-06 17:00:00', 77, 'Restu', 'Staff Dep. Produksi'),
(1042, 34, '2022-11-07 17:00:00', 56, 'Restu', 'Staff Dep. Produksi'),
(1043, 18, '2022-11-08 17:00:00', 59, 'Restu', 'Staff Dep. Produksi'),
(1044, 26, '2022-11-09 17:00:00', 57, 'Restu', 'Staff Dep. Produksi'),
(1045, 6, '2022-11-10 17:00:00', 63, 'Restu', 'Staff Dep. Produksi'),
(1046, 34, '2022-11-12 17:00:00', 53, 'Restu', 'Staff Dep. Produksi'),
(1047, 18, '2022-11-15 17:00:00', 75, 'Restu', 'Staff Dep. Produksi'),
(1048, 49, '2022-11-15 17:00:00', 56, 'Restu', 'Staff Dep. Produksi'),
(1049, 31, '2022-11-16 17:00:00', 52, 'Restu', 'Staff Dep. Produksi'),
(1050, 49, '2022-11-17 17:00:00', 70, 'Restu', 'Staff Dep. Produksi'),
(1051, 14, '2022-11-18 17:00:00', 67, 'Restu', 'Staff Dep. Produksi'),
(1052, 2, '2022-11-20 17:00:00', 67, 'Restu', 'Staff Dep. Produksi'),
(1053, 20, '2022-11-22 17:00:00', 54, 'Restu', 'Staff Dep. Produksi'),
(1054, 48, '2022-11-24 17:00:00', 53, 'Restu', 'Staff Dep. Produksi'),
(1055, 45, '2022-11-26 17:00:00', 51, 'Restu', 'Staff Dep. Produksi'),
(1056, 19, '2022-11-27 17:00:00', 70, 'Restu', 'Staff Dep. Produksi'),
(1057, 18, '2022-11-28 17:00:00', 77, 'Restu', 'Staff Dep. Produksi'),
(1058, 15, '2022-11-29 17:00:00', 65, 'Restu', 'Staff Dep. Produksi'),
(1059, 31, '2022-11-29 17:00:00', 51, 'Restu', 'Staff Dep. Produksi'),
(1060, 27, '2022-11-30 17:00:00', 71, 'Restu', 'Staff Dep. Produksi'),
(1061, 29, '2022-12-01 17:00:00', 80, 'Restu', 'Staff Dep. Produksi'),
(1062, 30, '2022-12-01 17:00:00', 77, 'Restu', 'Staff Dep. Produksi'),
(1063, 18, '2022-12-02 17:00:00', 73, 'Restu', 'Staff Dep. Produksi'),
(1064, 22, '2022-12-02 17:00:00', 73, 'Restu', 'Staff Dep. Produksi'),
(1065, 1, '2022-12-03 17:00:00', 80, 'Restu', 'Staff Dep. Produksi'),
(1066, 8, '2022-12-03 17:00:00', 50, 'Restu', 'Staff Dep. Produksi'),
(1067, 34, '2022-12-05 17:00:00', 50, 'Restu', 'Staff Dep. Produksi'),
(1068, 25, '2022-12-07 17:00:00', 59, 'Restu', 'Staff Dep. Produksi'),
(1069, 47, '2022-12-08 17:00:00', 54, 'Restu', 'Staff Dep. Produksi'),
(1070, 11, '2022-12-09 17:00:00', 56, 'Restu', 'Staff Dep. Produksi'),
(1071, 10, '2022-12-10 17:00:00', 51, 'Restu', 'Staff Dep. Produksi'),
(1072, 17, '2022-12-11 17:00:00', 64, 'Restu', 'Staff Dep. Produksi'),
(1073, 19, '2022-12-11 17:00:00', 68, 'Restu', 'Staff Dep. Produksi'),
(1074, 48, '2022-12-12 17:00:00', 74, 'Restu', 'Staff Dep. Produksi'),
(1075, 12, '2022-12-14 17:00:00', 57, 'Restu', 'Staff Dep. Produksi'),
(1076, 38, '2022-12-14 17:00:00', 56, 'Restu', 'Staff Dep. Produksi'),
(1077, 1, '2022-12-15 17:00:00', 59, 'Restu', 'Staff Dep. Produksi'),
(1078, 18, '2022-12-15 17:00:00', 60, 'Restu', 'Staff Dep. Produksi'),
(1079, 31, '2022-12-15 17:00:00', 78, 'Restu', 'Staff Dep. Produksi'),
(1080, 32, '2022-12-15 17:00:00', 75, 'Restu', 'Staff Dep. Produksi'),
(1081, 9, '2022-12-16 17:00:00', 50, 'Restu', 'Staff Dep. Produksi'),
(1082, 28, '2022-12-16 17:00:00', 60, 'Restu', 'Staff Dep. Produksi'),
(1083, 3, '2022-12-18 17:00:00', 66, 'Restu', 'Staff Dep. Produksi'),
(1084, 33, '2022-12-18 17:00:00', 75, 'Restu', 'Staff Dep. Produksi'),
(1085, 39, '2022-12-21 17:00:00', 63, 'Restu', 'Staff Dep. Produksi'),
(1086, 9, '2022-12-22 17:00:00', 64, 'Restu', 'Staff Dep. Produksi'),
(1087, 1, '2022-12-23 17:00:00', 80, 'Restu', 'Staff Dep. Produksi'),
(1088, 39, '2022-12-23 17:00:00', 62, 'Restu', 'Staff Dep. Produksi'),
(1089, 29, '2022-12-24 17:00:00', 72, 'Restu', 'Staff Dep. Produksi'),
(1090, 33, '2022-12-24 17:00:00', 75, 'Restu', 'Staff Dep. Produksi'),
(1091, 35, '2022-12-25 17:00:00', 60, 'Restu', 'Staff Dep. Produksi'),
(1092, 41, '2022-12-25 17:00:00', 68, 'Restu', 'Staff Dep. Produksi'),
(1093, 44, '2022-12-25 17:00:00', 58, 'Restu', 'Staff Dep. Produksi'),
(1094, 50, '2022-12-25 17:00:00', 54, 'Restu', 'Staff Dep. Produksi'),
(1095, 33, '2022-12-26 17:00:00', 71, 'Restu', 'Staff Dep. Produksi'),
(1096, 1, '2022-12-29 17:00:00', 68, 'Restu', 'Staff Dep. Produksi'),
(1097, 21, '2022-12-29 17:00:00', 60, 'Restu', 'Staff Dep. Produksi'),
(1098, 47, '2022-12-29 17:00:00', 69, 'Restu', 'Staff Dep. Produksi'),
(1099, 39, '2022-12-30 17:00:00', 59, 'Restu', 'Staff Dep. Produksi'),
(1100, 8, '2022-12-31 17:00:00', 60, 'Restu', 'Staff Dep. Produksi'),
(1101, 37, '2023-01-02 17:00:00', 64, 'Restu', 'Staff Dep. Produksi'),
(1102, 30, '2023-01-03 17:00:00', 59, 'Restu', 'Staff Dep. Produksi'),
(1103, 44, '2023-01-03 17:00:00', 79, 'Restu', 'Staff Dep. Produksi'),
(1104, 48, '2023-01-03 17:00:00', 80, 'Restu', 'Staff Dep. Produksi'),
(1105, 23, '2023-01-05 17:00:00', 55, 'Restu', 'Staff Dep. Produksi'),
(1106, 5, '2023-01-06 17:00:00', 71, 'Restu', 'Staff Dep. Produksi'),
(1107, 30, '2023-01-06 17:00:00', 79, 'Restu', 'Staff Dep. Produksi'),
(1108, 1, '2023-01-07 17:00:00', 75, 'Restu', 'Staff Dep. Produksi'),
(1109, 26, '2023-01-07 17:00:00', 58, 'Restu', 'Staff Dep. Produksi'),
(1110, 31, '2023-01-07 17:00:00', 63, 'Restu', 'Staff Dep. Produksi'),
(1111, 42, '2023-01-07 17:00:00', 71, 'Restu', 'Staff Dep. Produksi'),
(1112, 42, '2023-01-07 17:00:00', 63, 'Restu', 'Staff Dep. Produksi'),
(1113, 14, '2023-01-08 17:00:00', 68, 'Restu', 'Staff Dep. Produksi'),
(1114, 6, '2023-01-10 17:00:00', 62, 'Restu', 'Staff Dep. Produksi'),
(1115, 11, '2023-01-10 17:00:00', 58, 'Restu', 'Staff Dep. Produksi'),
(1116, 5, '2023-01-11 17:00:00', 53, 'Restu', 'Staff Dep. Produksi'),
(1117, 36, '2023-01-11 17:00:00', 55, 'Restu', 'Staff Dep. Produksi'),
(1118, 42, '2023-01-12 17:00:00', 55, 'Restu', 'Staff Dep. Produksi'),
(1119, 31, '2023-01-13 17:00:00', 75, 'Restu', 'Staff Dep. Produksi'),
(1120, 6, '2023-01-16 17:00:00', 65, 'Restu', 'Staff Dep. Produksi'),
(1121, 3, '2023-01-17 17:00:00', 80, 'Restu', 'Staff Dep. Produksi'),
(1122, 33, '2023-01-18 17:00:00', 56, 'Restu', 'Staff Dep. Produksi'),
(1123, 10, '2023-01-20 17:00:00', 74, 'Restu', 'Staff Dep. Produksi'),
(1124, 42, '2023-01-20 17:00:00', 54, 'Restu', 'Staff Dep. Produksi'),
(1125, 36, '2023-01-23 17:00:00', 74, 'Restu', 'Staff Dep. Produksi'),
(1126, 14, '2023-01-24 17:00:00', 58, 'Restu', 'Staff Dep. Produksi'),
(1127, 17, '2023-01-24 17:00:00', 58, 'Restu', 'Staff Dep. Produksi'),
(1128, 29, '2023-01-24 17:00:00', 56, 'Restu', 'Staff Dep. Produksi'),
(1129, 43, '2023-01-24 17:00:00', 67, 'Restu', 'Staff Dep. Produksi'),
(1130, 22, '2023-01-25 17:00:00', 73, 'Restu', 'Staff Dep. Produksi'),
(1131, 27, '2023-01-25 17:00:00', 73, 'Restu', 'Staff Dep. Produksi'),
(1132, 50, '2023-01-25 17:00:00', 74, 'Restu', 'Staff Dep. Produksi'),
(1133, 10, '2023-01-26 17:00:00', 70, 'Restu', 'Staff Dep. Produksi'),
(1134, 29, '2023-01-26 17:00:00', 78, 'Restu', 'Staff Dep. Produksi'),
(1135, 20, '2023-01-29 17:00:00', 51, 'Restu', 'Staff Dep. Produksi'),
(1136, 32, '2023-01-29 17:00:00', 75, 'Restu', 'Staff Dep. Produksi'),
(1137, 45, '2023-01-29 17:00:00', 76, 'Restu', 'Staff Dep. Produksi'),
(1138, 40, '2023-01-30 17:00:00', 51, 'Restu', 'Staff Dep. Produksi'),
(1139, 10, '2023-01-31 17:00:00', 78, 'Restu', 'Staff Dep. Produksi'),
(1140, 44, '2023-01-31 17:00:00', 78, 'Restu', 'Staff Dep. Produksi'),
(1141, 7, '2023-02-01 17:00:00', 53, 'Restu', 'Staff Dep. Produksi'),
(1142, 24, '2023-02-01 17:00:00', 58, 'Restu', 'Staff Dep. Produksi'),
(1143, 14, '2023-02-02 17:00:00', 67, 'Restu', 'Staff Dep. Produksi'),
(1144, 16, '2023-02-02 17:00:00', 69, 'Restu', 'Staff Dep. Produksi'),
(1145, 14, '2023-02-03 17:00:00', 64, 'Restu', 'Staff Dep. Produksi'),
(1146, 49, '2023-02-04 17:00:00', 73, 'Restu', 'Staff Dep. Produksi'),
(1147, 40, '2023-02-05 17:00:00', 61, 'Restu', 'Staff Dep. Produksi'),
(1148, 8, '2023-02-06 17:00:00', 57, 'Restu', 'Staff Dep. Produksi'),
(1149, 37, '2023-02-07 17:00:00', 53, 'Restu', 'Staff Dep. Produksi'),
(1150, 24, '2023-02-08 17:00:00', 77, 'Restu', 'Staff Dep. Produksi'),
(1151, 31, '2023-02-08 17:00:00', 61, 'Restu', 'Staff Dep. Produksi'),
(1152, 37, '2023-02-08 17:00:00', 77, 'Restu', 'Staff Dep. Produksi'),
(1153, 46, '2023-02-09 17:00:00', 50, 'Restu', 'Staff Dep. Produksi'),
(1154, 20, '2023-02-10 17:00:00', 56, 'Restu', 'Staff Dep. Produksi'),
(1155, 17, '2023-02-11 17:00:00', 71, 'Restu', 'Staff Dep. Produksi'),
(1156, 47, '2023-02-12 17:00:00', 75, 'Restu', 'Staff Dep. Produksi'),
(1157, 19, '2023-02-14 17:00:00', 56, 'Restu', 'Staff Dep. Produksi'),
(1158, 17, '2023-02-17 17:00:00', 65, 'Restu', 'Staff Dep. Produksi'),
(1159, 17, '2023-02-17 17:00:00', 60, 'Restu', 'Staff Dep. Produksi'),
(1160, 20, '2023-02-17 17:00:00', 54, 'Restu', 'Staff Dep. Produksi'),
(1161, 45, '2023-02-17 17:00:00', 76, 'Restu', 'Staff Dep. Produksi'),
(1162, 26, '2023-02-18 17:00:00', 60, 'Restu', 'Staff Dep. Produksi'),
(1163, 40, '2023-02-19 17:00:00', 50, 'Restu', 'Staff Dep. Produksi'),
(1164, 18, '2023-02-21 17:00:00', 53, 'Restu', 'Staff Dep. Produksi'),
(1165, 34, '2023-02-21 17:00:00', 53, 'Restu', 'Staff Dep. Produksi'),
(1166, 25, '2023-02-22 17:00:00', 72, 'Restu', 'Staff Dep. Produksi'),
(1167, 42, '2023-02-23 17:00:00', 68, 'Restu', 'Staff Dep. Produksi'),
(1168, 33, '2023-02-25 17:00:00', 60, 'Restu', 'Staff Dep. Produksi'),
(1169, 48, '2023-02-25 17:00:00', 60, 'Restu', 'Staff Dep. Produksi'),
(1170, 10, '2023-02-27 17:00:00', 55, 'Restu', 'Staff Dep. Produksi'),
(1171, 47, '2023-02-27 17:00:00', 79, 'Restu', 'Staff Dep. Produksi'),
(1172, 28, '2023-02-28 17:00:00', 63, 'Restu', 'Staff Dep. Produksi'),
(1173, 11, '2023-03-01 17:00:00', 52, 'Restu', 'Staff Dep. Produksi'),
(1174, 21, '2023-03-02 17:00:00', 78, 'Restu', 'Staff Dep. Produksi'),
(1175, 35, '2023-03-02 17:00:00', 70, 'Restu', 'Staff Dep. Produksi'),
(1176, 35, '2023-03-02 17:00:00', 78, 'Restu', 'Staff Dep. Produksi'),
(1177, 19, '2023-03-03 17:00:00', 53, 'Restu', 'Staff Dep. Produksi'),
(1178, 8, '2023-03-05 17:00:00', 65, 'Restu', 'Staff Dep. Produksi'),
(1179, 21, '2023-03-06 17:00:00', 66, 'Restu', 'Staff Dep. Produksi'),
(1180, 12, '2023-03-07 17:00:00', 51, 'Restu', 'Staff Dep. Produksi'),
(1181, 32, '2023-03-08 17:00:00', 50, 'Restu', 'Staff Dep. Produksi'),
(1182, 8, '2023-03-09 17:00:00', 63, 'Restu', 'Staff Dep. Produksi'),
(1183, 21, '2023-03-09 17:00:00', 55, 'Restu', 'Staff Dep. Produksi'),
(1184, 5, '2023-03-10 17:00:00', 55, 'Restu', 'Staff Dep. Produksi'),
(1185, 21, '2023-03-13 17:00:00', 71, 'Restu', 'Staff Dep. Produksi'),
(1186, 31, '2023-03-13 17:00:00', 73, 'Restu', 'Staff Dep. Produksi'),
(1187, 46, '2023-03-15 17:00:00', 51, 'Restu', 'Staff Dep. Produksi'),
(1188, 4, '2023-03-17 17:00:00', 64, 'Restu', 'Staff Dep. Produksi'),
(1189, 45, '2023-03-17 17:00:00', 60, 'Restu', 'Staff Dep. Produksi'),
(1190, 3, '2023-03-18 17:00:00', 66, 'Restu', 'Staff Dep. Produksi'),
(1191, 5, '2023-03-18 17:00:00', 53, 'Restu', 'Staff Dep. Produksi'),
(1192, 45, '2023-03-18 17:00:00', 50, 'Restu', 'Staff Dep. Produksi'),
(1193, 49, '2023-03-20 17:00:00', 74, 'Restu', 'Staff Dep. Produksi'),
(1194, 42, '2023-03-21 17:00:00', 68, 'Restu', 'Staff Dep. Produksi'),
(1195, 43, '2023-03-21 17:00:00', 61, 'Restu', 'Staff Dep. Produksi'),
(1196, 3, '2023-03-24 17:00:00', 68, 'Restu', 'Staff Dep. Produksi'),
(1197, 37, '2023-03-25 17:00:00', 78, 'Restu', 'Staff Dep. Produksi'),
(1198, 47, '2023-03-26 17:00:00', 56, 'Restu', 'Staff Dep. Produksi'),
(1199, 20, '2023-03-29 17:00:00', 56, 'Restu', 'Staff Dep. Produksi'),
(1200, 22, '2023-03-29 17:00:00', 53, 'Restu', 'Staff Dep. Produksi'),
(1201, 49, '2023-03-29 17:00:00', 76, 'Restu', 'Staff Dep. Produksi'),
(1202, 11, '2023-03-30 17:00:00', 57, 'Restu', 'Staff Dep. Produksi'),
(1203, 7, '2023-03-31 17:00:00', 57, 'Restu', 'Staff Dep. Produksi'),
(1204, 16, '2023-04-03 17:00:00', 70, 'Restu', 'Staff Dep. Produksi'),
(1205, 18, '2023-04-04 17:00:00', 51, 'Restu', 'Staff Dep. Produksi'),
(1206, 29, '2023-04-04 17:00:00', 68, 'Restu', 'Staff Dep. Produksi'),
(1207, 21, '2023-04-05 17:00:00', 51, 'Restu', 'Staff Dep. Produksi'),
(1208, 18, '2023-04-06 17:00:00', 64, 'Restu', 'Staff Dep. Produksi'),
(1209, 23, '2023-04-06 17:00:00', 54, 'Restu', 'Staff Dep. Produksi'),
(1210, 11, '2023-04-07 17:00:00', 64, 'Restu', 'Staff Dep. Produksi'),
(1211, 41, '2023-04-07 17:00:00', 73, 'Restu', 'Staff Dep. Produksi'),
(1212, 46, '2023-04-07 17:00:00', 65, 'Restu', 'Staff Dep. Produksi'),
(1213, 17, '2023-04-08 17:00:00', 59, 'Restu', 'Staff Dep. Produksi'),
(1214, 1, '2023-04-10 17:00:00', 59, 'Restu', 'Staff Dep. Produksi'),
(1215, 13, '2023-04-13 17:00:00', 74, 'Restu', 'Staff Dep. Produksi'),
(1216, 45, '2023-04-13 17:00:00', 79, 'Restu', 'Staff Dep. Produksi'),
(1217, 13, '2023-04-14 17:00:00', 75, 'Restu', 'Staff Dep. Produksi'),
(1218, 15, '2023-04-14 17:00:00', 78, 'Restu', 'Staff Dep. Produksi'),
(1219, 38, '2023-04-14 17:00:00', 66, 'Restu', 'Staff Dep. Produksi'),
(1220, 5, '2023-04-15 17:00:00', 57, 'Restu', 'Staff Dep. Produksi'),
(1221, 33, '2023-04-16 17:00:00', 80, 'Restu', 'Staff Dep. Produksi'),
(1222, 5, '2023-04-17 17:00:00', 52, 'Restu', 'Staff Dep. Produksi'),
(1223, 29, '2023-04-17 17:00:00', 77, 'Restu', 'Staff Dep. Produksi'),
(1224, 39, '2023-04-17 17:00:00', 58, 'Restu', 'Staff Dep. Produksi'),
(1225, 27, '2023-04-19 17:00:00', 76, 'Restu', 'Staff Dep. Produksi'),
(1226, 47, '2023-04-19 17:00:00', 74, 'Restu', 'Staff Dep. Produksi'),
(1227, 4, '2023-04-20 17:00:00', 65, 'Restu', 'Staff Dep. Produksi'),
(1228, 25, '2023-04-20 17:00:00', 72, 'Restu', 'Staff Dep. Produksi'),
(1229, 11, '2023-04-21 17:00:00', 58, 'Restu', 'Staff Dep. Produksi'),
(1230, 48, '2023-04-21 17:00:00', 70, 'Restu', 'Staff Dep. Produksi'),
(1231, 16, '2023-04-22 17:00:00', 51, 'Restu', 'Staff Dep. Produksi'),
(1232, 4, '2023-04-24 17:00:00', 74, 'Restu', 'Staff Dep. Produksi'),
(1233, 36, '2023-04-24 17:00:00', 68, 'Restu', 'Staff Dep. Produksi'),
(1234, 1, '2023-04-25 17:00:00', 67, 'Restu', 'Staff Dep. Produksi'),
(1235, 6, '2023-04-25 17:00:00', 62, 'Restu', 'Staff Dep. Produksi'),
(1236, 19, '2023-04-25 17:00:00', 70, 'Restu', 'Staff Dep. Produksi'),
(1237, 39, '2023-04-28 17:00:00', 53, 'Restu', 'Staff Dep. Produksi'),
(1238, 4, '2023-04-29 17:00:00', 75, 'Restu', 'Staff Dep. Produksi'),
(1239, 35, '2023-04-29 17:00:00', 69, 'Restu', 'Staff Dep. Produksi'),
(1240, 8, '2023-04-30 17:00:00', 66, 'Restu', 'Staff Dep. Produksi'),
(1241, 9, '2023-05-03 17:00:00', 74, 'Restu', 'Staff Dep. Produksi'),
(1242, 16, '2023-05-04 17:00:00', 77, 'Restu', 'Staff Dep. Produksi'),
(1243, 33, '2023-05-04 17:00:00', 64, 'Restu', 'Staff Dep. Produksi'),
(1244, 43, '2023-05-05 17:00:00', 62, 'Restu', 'Staff Dep. Produksi'),
(1245, 44, '2023-05-05 17:00:00', 78, 'Restu', 'Staff Dep. Produksi'),
(1246, 46, '2023-05-05 17:00:00', 77, 'Restu', 'Staff Dep. Produksi'),
(1247, 20, '2023-05-07 17:00:00', 56, 'Restu', 'Staff Dep. Produksi'),
(1248, 49, '2023-05-07 17:00:00', 77, 'Restu', 'Staff Dep. Produksi'),
(1249, 24, '2023-05-08 17:00:00', 67, 'Restu', 'Staff Dep. Produksi'),
(1250, 28, '2023-05-09 17:00:00', 66, 'Restu', 'Staff Dep. Produksi'),
(1251, 2, '2023-05-11 17:00:00', 73, 'Restu', 'Staff Dep. Produksi'),
(1252, 47, '2023-05-12 17:00:00', 71, 'Restu', 'Staff Dep. Produksi'),
(1253, 45, '2023-05-14 17:00:00', 56, 'Restu', 'Staff Dep. Produksi'),
(1254, 17, '2023-05-16 17:00:00', 73, 'Restu', 'Staff Dep. Produksi'),
(1255, 25, '2023-05-16 17:00:00', 75, 'Restu', 'Staff Dep. Produksi'),
(1256, 22, '2023-05-18 17:00:00', 71, 'Restu', 'Staff Dep. Produksi'),
(1257, 29, '2023-05-18 17:00:00', 73, 'Restu', 'Staff Dep. Produksi'),
(1258, 28, '2023-05-19 17:00:00', 62, 'Restu', 'Staff Dep. Produksi'),
(1259, 4, '2023-05-20 17:00:00', 64, 'Restu', 'Staff Dep. Produksi'),
(1260, 6, '2023-05-20 17:00:00', 61, 'Restu', 'Staff Dep. Produksi'),
(1261, 11, '2023-05-20 17:00:00', 78, 'Restu', 'Staff Dep. Produksi'),
(1262, 26, '2023-05-20 17:00:00', 50, 'Restu', 'Staff Dep. Produksi'),
(1263, 23, '2023-05-21 17:00:00', 76, 'Restu', 'Staff Dep. Produksi'),
(1264, 18, '2023-05-22 17:00:00', 54, 'Restu', 'Staff Dep. Produksi'),
(1265, 36, '2023-05-22 17:00:00', 78, 'Restu', 'Staff Dep. Produksi'),
(1266, 11, '2023-05-24 17:00:00', 69, 'Restu', 'Staff Dep. Produksi'),
(1267, 24, '2023-05-26 17:00:00', 52, 'Restu', 'Staff Dep. Produksi'),
(1268, 35, '2023-05-26 17:00:00', 75, 'Restu', 'Staff Dep. Produksi'),
(1269, 43, '2023-05-26 17:00:00', 72, 'Restu', 'Staff Dep. Produksi'),
(1270, 4, '2023-05-27 17:00:00', 54, 'Restu', 'Staff Dep. Produksi'),
(1271, 5, '2023-05-28 17:00:00', 53, 'Restu', 'Staff Dep. Produksi'),
(1272, 16, '2023-05-28 17:00:00', 60, 'Restu', 'Staff Dep. Produksi'),
(1273, 24, '2023-05-28 17:00:00', 56, 'Restu', 'Staff Dep. Produksi'),
(1274, 14, '2023-05-29 17:00:00', 74, 'Restu', 'Staff Dep. Produksi'),
(1275, 20, '2023-05-30 17:00:00', 66, 'Restu', 'Staff Dep. Produksi'),
(1276, 18, '2023-06-01 17:00:00', 58, 'Restu', 'Staff Dep. Produksi'),
(1277, 19, '2023-06-01 17:00:00', 63, 'Restu', 'Staff Dep. Produksi'),
(1278, 39, '2023-06-01 17:00:00', 54, 'Restu', 'Staff Dep. Produksi'),
(1279, 47, '2023-06-01 17:00:00', 77, 'Restu', 'Staff Dep. Produksi'),
(1280, 6, '2023-06-02 17:00:00', 79, 'Restu', 'Staff Dep. Produksi'),
(1281, 33, '2023-06-02 17:00:00', 77, 'Restu', 'Staff Dep. Produksi'),
(1282, 7, '2023-06-03 17:00:00', 64, 'Restu', 'Staff Dep. Produksi'),
(1283, 15, '2023-06-05 17:00:00', 65, 'Restu', 'Staff Dep. Produksi'),
(1284, 12, '2023-06-06 17:00:00', 62, 'Restu', 'Staff Dep. Produksi'),
(1285, 40, '2023-06-06 17:00:00', 73, 'Restu', 'Staff Dep. Produksi'),
(1286, 43, '2023-06-08 17:00:00', 60, 'Restu', 'Staff Dep. Produksi'),
(1287, 39, '2023-06-09 17:00:00', 58, 'Restu', 'Staff Dep. Produksi'),
(1288, 44, '2023-06-11 17:00:00', 56, 'Restu', 'Staff Dep. Produksi'),
(1289, 4, '2023-06-12 17:00:00', 69, 'Restu', 'Staff Dep. Produksi'),
(1290, 1, '2023-06-13 17:00:00', 59, 'Restu', 'Staff Dep. Produksi'),
(1291, 12, '2023-06-13 17:00:00', 64, 'Restu', 'Staff Dep. Produksi'),
(1292, 31, '2023-06-14 17:00:00', 53, 'Restu', 'Staff Dep. Produksi'),
(1293, 13, '2023-06-15 17:00:00', 62, 'Restu', 'Staff Dep. Produksi'),
(1294, 20, '2023-06-15 17:00:00', 68, 'Restu', 'Staff Dep. Produksi'),
(1295, 31, '2023-06-15 17:00:00', 62, 'Restu', 'Staff Dep. Produksi'),
(1296, 31, '2023-06-17 17:00:00', 73, 'Restu', 'Staff Dep. Produksi'),
(1297, 36, '2023-06-17 17:00:00', 76, 'Restu', 'Staff Dep. Produksi'),
(1298, 37, '2023-06-17 17:00:00', 64, 'Restu', 'Staff Dep. Produksi'),
(1299, 23, '2023-06-18 17:00:00', 69, 'Restu', 'Staff Dep. Produksi'),
(1300, 40, '2023-06-19 17:00:00', 76, 'Restu', 'Staff Dep. Produksi'),
(1301, 48, '2023-06-19 17:00:00', 58, 'Restu', 'Staff Dep. Produksi'),
(1302, 49, '2023-06-21 17:00:00', 78, 'Restu', 'Staff Dep. Produksi'),
(1303, 3, '2023-06-22 17:00:00', 53, 'Restu', 'Staff Dep. Produksi'),
(1304, 40, '2023-06-22 17:00:00', 54, 'Restu', 'Staff Dep. Produksi'),
(1305, 43, '2023-06-23 17:00:00', 69, 'Restu', 'Staff Dep. Produksi'),
(1306, 26, '2023-06-24 17:00:00', 78, 'Restu', 'Staff Dep. Produksi'),
(1307, 39, '2023-06-25 17:00:00', 53, 'Restu', 'Staff Dep. Produksi'),
(1308, 5, '2023-06-26 17:00:00', 54, 'Restu', 'Staff Dep. Produksi'),
(1309, 34, '2023-06-26 17:00:00', 53, 'Restu', 'Staff Dep. Produksi'),
(1310, 20, '2023-06-27 17:00:00', 50, 'Restu', 'Staff Dep. Produksi'),
(1311, 32, '2023-06-27 17:00:00', 80, 'Restu', 'Staff Dep. Produksi'),
(1312, 44, '2023-06-27 17:00:00', 72, 'Restu', 'Staff Dep. Produksi'),
(1313, 40, '2023-06-29 17:00:00', 75, 'Restu', 'Staff Dep. Produksi'),
(1314, 45, '2023-06-29 17:00:00', 62, 'Restu', 'Staff Dep. Produksi'),
(1315, 12, '2023-06-30 17:00:00', 64, 'Restu', 'Staff Dep. Produksi'),
(1316, 13, '2023-06-30 17:00:00', 78, 'Restu', 'Staff Dep. Produksi'),
(1317, 1, '2023-07-01 17:00:00', 71, 'Restu', 'Staff Dep. Produksi'),
(1318, 25, '2023-07-05 17:00:00', 73, 'Restu', 'Staff Dep. Produksi'),
(1319, 15, '2023-07-06 17:00:00', 75, 'Restu', 'Staff Dep. Produksi'),
(1320, 19, '2023-07-07 17:00:00', 56, 'Restu', 'Staff Dep. Produksi'),
(1321, 46, '2023-07-07 17:00:00', 70, 'Restu', 'Staff Dep. Produksi'),
(1322, 14, '2023-07-08 17:00:00', 67, 'Restu', 'Staff Dep. Produksi'),
(1323, 26, '2023-07-08 17:00:00', 68, 'Restu', 'Staff Dep. Produksi'),
(1324, 39, '2023-07-08 17:00:00', 67, 'Restu', 'Staff Dep. Produksi'),
(1325, 7, '2023-07-09 17:00:00', 60, 'Restu', 'Staff Dep. Produksi'),
(1326, 14, '2023-07-09 17:00:00', 74, 'Restu', 'Staff Dep. Produksi'),
(1327, 9, '2023-07-11 17:00:00', 80, 'Restu', 'Staff Dep. Produksi'),
(1328, 22, '2023-07-11 17:00:00', 79, 'Restu', 'Staff Dep. Produksi'),
(1329, 4, '2023-07-12 17:00:00', 78, 'Restu', 'Staff Dep. Produksi'),
(1330, 32, '2023-07-12 17:00:00', 56, 'Restu', 'Staff Dep. Produksi'),
(1331, 9, '2023-07-13 17:00:00', 69, 'Restu', 'Staff Dep. Produksi'),
(1332, 13, '2023-07-13 17:00:00', 67, 'Restu', 'Staff Dep. Produksi'),
(1333, 1, '2023-07-14 17:00:00', 67, 'Restu', 'Staff Dep. Produksi'),
(1334, 37, '2023-07-14 17:00:00', 68, 'Restu', 'Staff Dep. Produksi'),
(1335, 45, '2023-07-14 17:00:00', 61, 'Restu', 'Staff Dep. Produksi'),
(1336, 19, '2023-07-16 17:00:00', 78, 'Restu', 'Staff Dep. Produksi'),
(1337, 25, '2023-07-16 17:00:00', 79, 'Restu', 'Staff Dep. Produksi'),
(1338, 27, '2023-07-16 17:00:00', 55, 'Restu', 'Staff Dep. Produksi'),
(1339, 10, '2023-07-17 17:00:00', 70, 'Restu', 'Staff Dep. Produksi'),
(1340, 47, '2023-07-17 17:00:00', 52, 'Restu', 'Staff Dep. Produksi'),
(1341, 23, '2023-07-18 17:00:00', 51, 'Restu', 'Staff Dep. Produksi'),
(1342, 33, '2023-07-18 17:00:00', 77, 'Restu', 'Staff Dep. Produksi'),
(1343, 20, '2023-07-19 17:00:00', 78, 'Restu', 'Staff Dep. Produksi'),
(1344, 22, '2023-07-19 17:00:00', 71, 'Restu', 'Staff Dep. Produksi'),
(1345, 35, '2023-07-21 17:00:00', 71, 'Restu', 'Staff Dep. Produksi'),
(1346, 4, '2023-07-22 17:00:00', 69, 'Restu', 'Staff Dep. Produksi'),
(1347, 14, '2023-07-22 17:00:00', 50, 'Restu', 'Staff Dep. Produksi'),
(1348, 11, '2023-07-24 17:00:00', 51, 'Restu', 'Staff Dep. Produksi'),
(1349, 26, '2023-07-24 17:00:00', 74, 'Restu', 'Staff Dep. Produksi'),
(1350, 18, '2023-07-26 17:00:00', 75, 'Restu', 'Staff Dep. Produksi'),
(1351, 48, '2023-07-27 17:00:00', 72, 'Restu', 'Staff Dep. Produksi');

-- --------------------------------------------------------

--
-- Struktur dari tabel `masuk`
--

CREATE TABLE `masuk` (
  `idmasuk` int(11) NOT NULL,
  `idbarang` int(11) NOT NULL,
  `tanggal` timestamp NOT NULL DEFAULT current_timestamp() ON UPDATE current_timestamp(),
  `qty` int(50) NOT NULL,
  `petugas` varchar(50) NOT NULL
) ENGINE=InnoDB DEFAULT CHARSET=utf8mb4 COLLATE=utf8mb4_general_ci;

--
-- Dumping data untuk tabel `masuk`
--

INSERT INTO `masuk` (`idmasuk`, `idbarang`, `tanggal`, `qty`, `petugas`) VALUES
(3, 41, '2022-06-30 17:00:00', 188, 'Restu'),
(4, 2, '2022-07-01 17:00:00', 140, 'Restu'),
(5, 15, '2022-07-01 17:00:00', 129, 'Restu'),
(6, 48, '2022-07-01 17:00:00', 85, 'Restu'),
(7, 33, '2022-07-02 17:00:00', 152, 'Restu'),
(8, 45, '2022-07-02 17:00:00', 114, 'Restu'),
(9, 25, '2022-07-03 17:00:00', 182, 'Restu'),
(10, 8, '2022-07-07 17:00:00', 186, 'Restu'),
(11, 30, '2022-07-07 17:00:00', 105, 'Restu'),
(12, 12, '2022-07-08 17:00:00', 112, 'Restu'),
(13, 5, '2022-07-09 17:00:00', 121, 'Restu'),
(14, 32, '2022-07-10 17:00:00', 116, 'Restu'),
(15, 10, '2022-07-11 17:00:00', 96, 'Raka'),
(16, 13, '2022-07-11 17:00:00', 174, 'Raka'),
(17, 17, '2022-07-12 17:00:00', 190, 'Raka'),
(18, 18, '2022-07-14 17:00:00', 103, 'Raka'),
(19, 13, '2022-07-15 17:00:00', 191, 'Raka'),
(20, 13, '2022-07-17 17:00:00', 185, 'Raka'),
(21, 50, '2022-07-17 17:00:00', 152, 'Raka'),
(22, 19, '2022-07-19 17:00:00', 108, 'Raka'),
(23, 24, '2022-07-19 17:00:00', 153, 'Raka'),
(24, 14, '2022-07-20 17:00:00', 144, 'Raka'),
(25, 19, '2022-07-21 17:00:00', 123, 'Raka'),
(26, 29, '2022-07-21 17:00:00', 172, 'Restu'),
(27, 22, '2022-07-22 17:00:00', 158, 'Restu'),
(28, 37, '2022-07-25 17:00:00', 176, 'Restu'),
(29, 34, '2022-07-26 17:00:00', 153, 'Restu'),
(30, 23, '2022-07-27 17:00:00', 82, 'Restu'),
(31, 49, '2022-07-28 17:00:00', 142, 'Restu'),
(32, 31, '2022-07-29 17:00:00', 166, 'Restu'),
(33, 42, '2022-07-30 17:00:00', 123, 'Restu'),
(34, 8, '2022-07-31 17:00:00', 191, 'Restu'),
(35, 31, '2022-07-31 17:00:00', 108, 'Restu'),
(36, 13, '2022-08-01 17:00:00', 180, 'Restu'),
(37, 39, '2022-08-01 17:00:00', 166, 'Restu'),
(38, 39, '2022-08-01 17:00:00', 149, 'Restu'),
(39, 42, '2022-08-01 17:00:00', 175, 'Restu'),
(40, 23, '2022-08-02 17:00:00', 194, 'Restu'),
(41, 50, '2022-08-02 17:00:00', 189, 'Restu'),
(42, 19, '2022-08-03 17:00:00', 134, 'Restu'),
(43, 31, '2022-08-03 17:00:00', 116, 'Restu'),
(44, 14, '2022-08-04 17:00:00', 199, 'Restu'),
(45, 47, '2022-08-05 17:00:00', 126, 'Restu'),
(46, 32, '2022-08-06 17:00:00', 144, 'Restu'),
(47, 34, '2022-08-06 17:00:00', 131, 'Restu'),
(48, 2, '2022-08-09 17:00:00', 87, 'Restu'),
(49, 40, '2022-08-09 17:00:00', 200, 'Restu'),
(50, 43, '2022-08-10 17:00:00', 187, 'Restu'),
(51, 1, '2022-08-12 17:00:00', 94, 'Restu'),
(52, 30, '2022-08-12 17:00:00', 92, 'Restu'),
(53, 18, '2022-08-14 17:00:00', 99, 'Restu'),
(54, 43, '2022-08-14 17:00:00', 83, 'Restu'),
(55, 24, '2022-08-16 17:00:00', 178, 'Restu'),
(56, 15, '2022-08-17 17:00:00', 138, 'Restu'),
(57, 34, '2022-08-17 17:00:00', 177, 'Restu'),
(58, 23, '2022-08-19 17:00:00', 96, 'Restu'),
(59, 27, '2022-08-19 17:00:00', 150, 'Restu'),
(60, 18, '2022-08-20 17:00:00', 121, 'Restu'),
(61, 32, '2022-08-21 17:00:00', 119, 'Restu'),
(62, 9, '2022-08-22 17:00:00', 163, 'Restu'),
(63, 48, '2022-08-24 17:00:00', 188, 'Restu'),
(64, 11, '2022-08-25 17:00:00', 124, 'Restu'),
(65, 22, '2022-08-25 17:00:00', 115, 'Restu'),
(66, 8, '2022-08-28 17:00:00', 116, 'Restu'),
(67, 42, '2022-08-28 17:00:00', 161, 'Restu'),
(68, 10, '2022-08-29 17:00:00', 191, 'Restu'),
(69, 21, '2022-08-29 17:00:00', 136, 'Restu'),
(70, 45, '2022-08-31 17:00:00', 111, 'Restu'),
(71, 21, '2022-09-03 17:00:00', 154, 'Restu'),
(72, 19, '2022-09-04 17:00:00', 132, 'Restu'),
(73, 25, '2022-09-05 17:00:00', 82, 'Restu'),
(74, 9, '2022-09-06 17:00:00', 179, 'Restu'),
(75, 47, '2022-09-06 17:00:00', 94, 'Restu'),
(76, 7, '2022-09-08 17:00:00', 174, 'Restu'),
(77, 4, '2022-09-10 17:00:00', 159, 'Restu'),
(78, 19, '2022-09-10 17:00:00', 200, 'Restu'),
(79, 39, '2022-09-11 17:00:00', 85, 'Restu'),
(80, 36, '2022-09-12 17:00:00', 159, 'Restu'),
(81, 18, '2022-09-13 17:00:00', 137, 'Restu'),
(82, 29, '2022-09-14 17:00:00', 133, 'Restu'),
(83, 16, '2022-09-15 17:00:00', 159, 'Restu'),
(84, 21, '2022-09-15 17:00:00', 123, 'Restu'),
(85, 29, '2022-09-16 17:00:00', 150, 'Restu'),
(86, 1, '2022-09-17 17:00:00', 171, 'Restu'),
(87, 28, '2022-09-17 17:00:00', 91, 'Restu'),
(88, 34, '2022-09-17 17:00:00', 115, 'Restu'),
(89, 44, '2022-09-18 17:00:00', 184, 'Restu'),
(90, 1, '2022-09-19 17:00:00', 163, 'Restu'),
(91, 27, '2022-09-19 17:00:00', 162, 'Restu'),
(92, 6, '2022-09-20 17:00:00', 195, 'Restu'),
(93, 16, '2022-09-20 17:00:00', 184, 'Restu'),
(94, 23, '2022-09-20 17:00:00', 97, 'Restu'),
(95, 24, '2022-09-20 17:00:00', 116, 'Restu'),
(96, 35, '2022-09-24 17:00:00', 114, 'Restu'),
(97, 8, '2022-09-25 17:00:00', 90, 'Restu'),
(98, 20, '2022-09-26 17:00:00', 134, 'Restu'),
(99, 26, '2022-09-26 17:00:00', 168, 'Restu'),
(100, 25, '2022-09-28 17:00:00', 124, 'Restu'),
(101, 1, '2022-09-29 17:00:00', 185, 'Restu'),
(102, 46, '2022-09-30 17:00:00', 106, 'Restu'),
(103, 7, '2022-10-03 17:00:00', 103, 'Restu'),
(104, 38, '2022-10-07 17:00:00', 98, 'Raka'),
(105, 38, '2022-10-09 17:00:00', 120, 'Raka'),
(106, 13, '2022-10-10 17:00:00', 158, 'Raka'),
(107, 37, '2022-10-10 17:00:00', 183, 'Raka'),
(108, 3, '2022-10-11 17:00:00', 143, 'Raka'),
(109, 39, '2022-10-11 17:00:00', 81, 'Raka'),
(110, 18, '2022-10-12 17:00:00', 199, 'Raka'),
(111, 33, '2022-10-12 17:00:00', 197, 'Raka'),
(112, 10, '2022-10-13 17:00:00', 196, 'Raka'),
(113, 16, '2022-10-13 17:00:00', 169, 'Raka'),
(114, 47, '2022-10-13 17:00:00', 86, 'Raka'),
(115, 14, '2022-10-14 17:00:00', 110, 'Raka'),
(116, 4, '2022-10-16 17:00:00', 142, 'Raka'),
(117, 22, '2022-10-16 17:00:00', 173, 'Raka'),
(118, 26, '2022-10-17 17:00:00', 141, 'Raka'),
(119, 41, '2022-10-18 17:00:00', 100, 'Raka'),
(120, 50, '2022-10-18 17:00:00', 185, 'Raka'),
(121, 20, '2022-10-20 17:00:00', 198, 'Raka'),
(122, 12, '2022-10-21 17:00:00', 123, 'Raka'),
(123, 30, '2022-10-21 17:00:00', 172, 'Raka'),
(124, 1, '2022-10-22 17:00:00', 128, 'Raka'),
(125, 39, '2022-10-22 17:00:00', 143, 'Raka'),
(126, 43, '2022-10-24 17:00:00', 126, 'Raka'),
(127, 36, '2022-10-25 17:00:00', 136, 'Raka'),
(128, 8, '2022-10-26 17:00:00', 144, 'Raka'),
(129, 16, '2022-10-28 17:00:00', 148, 'Raka'),
(130, 17, '2022-10-30 17:00:00', 125, 'Raka'),
(131, 28, '2022-10-30 17:00:00', 88, 'Raka'),
(132, 32, '2022-10-30 17:00:00', 140, 'Raka'),
(133, 42, '2022-10-31 17:00:00', 137, 'Raka'),
(134, 50, '2022-10-31 17:00:00', 174, 'Raka'),
(135, 25, '2022-11-01 17:00:00', 152, 'Raka'),
(136, 42, '2022-11-01 17:00:00', 168, 'Raka'),
(137, 19, '2022-11-02 17:00:00', 149, 'Raka'),
(138, 9, '2022-11-03 17:00:00', 116, 'Raka'),
(139, 48, '2022-11-04 17:00:00', 90, 'Raka'),
(140, 3, '2022-11-06 17:00:00', 178, 'Raka'),
(141, 50, '2022-11-06 17:00:00', 95, 'Raka'),
(142, 34, '2022-11-07 17:00:00', 184, 'Raka'),
(143, 18, '2022-11-08 17:00:00', 156, 'Raka'),
(144, 26, '2022-11-09 17:00:00', 165, 'Raka'),
(145, 6, '2022-11-10 17:00:00', 96, 'Raka'),
(146, 34, '2022-11-12 17:00:00', 93, 'Raka'),
(147, 18, '2022-11-15 17:00:00', 189, 'Raka'),
(148, 49, '2022-11-15 17:00:00', 141, 'Raka'),
(149, 31, '2022-11-16 17:00:00', 179, 'Raka'),
(150, 49, '2022-11-17 17:00:00', 181, 'Raka'),
(151, 14, '2022-11-18 17:00:00', 82, 'Raka'),
(152, 2, '2022-11-20 17:00:00', 121, 'Raka'),
(153, 20, '2022-11-22 17:00:00', 170, 'Raka'),
(154, 48, '2022-11-24 17:00:00', 97, 'Raka'),
(155, 45, '2022-11-26 17:00:00', 189, 'Raka'),
(156, 19, '2022-11-27 17:00:00', 189, 'Raka'),
(157, 18, '2022-11-28 17:00:00', 99, 'Raka'),
(158, 15, '2022-11-29 17:00:00', 122, 'Raka'),
(159, 31, '2022-11-29 17:00:00', 170, 'Raka'),
(160, 27, '2022-11-30 17:00:00', 145, 'Raka'),
(161, 29, '2022-12-01 17:00:00', 94, 'Raka'),
(162, 30, '2022-12-01 17:00:00', 119, 'Raka'),
(163, 18, '2022-12-02 17:00:00', 109, 'Raka'),
(164, 22, '2022-12-02 17:00:00', 89, 'Raka'),
(165, 1, '2022-12-03 17:00:00', 84, 'Raka'),
(166, 8, '2022-12-03 17:00:00', 101, 'Raka'),
(167, 34, '2022-12-05 17:00:00', 145, 'Raka'),
(168, 25, '2022-12-07 17:00:00', 139, 'Raka'),
(169, 47, '2022-12-08 17:00:00', 149, 'Raka'),
(170, 11, '2022-12-09 17:00:00', 176, 'Raka'),
(171, 10, '2022-12-10 17:00:00', 153, 'Raka'),
(172, 17, '2022-12-11 17:00:00', 128, 'Raka'),
(173, 19, '2022-12-11 17:00:00', 142, 'Raka'),
(174, 48, '2022-12-12 17:00:00', 150, 'Raka'),
(175, 12, '2022-12-14 17:00:00', 106, 'Raka'),
(176, 38, '2022-12-14 17:00:00', 127, 'Raka'),
(177, 1, '2022-12-15 17:00:00', 149, 'Raka'),
(178, 18, '2022-12-15 17:00:00', 158, 'Raka'),
(179, 31, '2022-12-15 17:00:00', 136, 'Raka'),
(180, 32, '2022-12-15 17:00:00', 198, 'Raka'),
(181, 9, '2022-12-16 17:00:00', 192, 'Raka'),
(182, 28, '2022-12-16 17:00:00', 91, 'Raka'),
(183, 3, '2022-12-18 17:00:00', 81, 'Raka'),
(184, 33, '2022-12-18 17:00:00', 187, 'Raka'),
(185, 39, '2022-12-21 17:00:00', 169, 'Raka'),
(186, 9, '2022-12-22 17:00:00', 196, 'Raka'),
(187, 1, '2022-12-23 17:00:00', 170, 'Raka'),
(188, 39, '2022-12-23 17:00:00', 113, 'Raka'),
(189, 29, '2022-12-24 17:00:00', 107, 'Raka'),
(190, 33, '2022-12-24 17:00:00', 152, 'Raka'),
(191, 35, '2022-12-25 17:00:00', 162, 'Raka'),
(192, 41, '2022-12-25 17:00:00', 177, 'Raka'),
(193, 44, '2022-12-25 17:00:00', 151, 'Raka'),
(194, 50, '2022-12-25 17:00:00', 168, 'Raka'),
(195, 33, '2022-12-26 17:00:00', 102, 'Raka'),
(196, 1, '2022-12-29 17:00:00', 97, 'Raka'),
(197, 21, '2022-12-29 17:00:00', 144, 'Raka'),
(198, 47, '2022-12-29 17:00:00', 85, 'Raka'),
(199, 39, '2022-12-30 17:00:00', 99, 'Raka'),
(200, 8, '2022-12-31 17:00:00', 154, 'Raka'),
(201, 37, '2023-01-02 17:00:00', 167, 'Raka'),
(202, 30, '2023-01-03 17:00:00', 89, 'Raka'),
(203, 44, '2023-01-03 17:00:00', 140, 'Raka'),
(204, 48, '2023-01-03 17:00:00', 109, 'Raka'),
(205, 23, '2023-01-05 17:00:00', 167, 'Raka'),
(206, 5, '2023-01-06 17:00:00', 195, 'Raka'),
(207, 30, '2023-01-06 17:00:00', 119, 'Raka'),
(208, 1, '2023-01-07 17:00:00', 145, 'Raka'),
(209, 26, '2023-01-07 17:00:00', 95, 'Raka'),
(210, 31, '2023-01-07 17:00:00', 154, 'Raka'),
(211, 42, '2023-01-07 17:00:00', 129, 'Raka'),
(212, 42, '2023-01-07 17:00:00', 85, 'Raka'),
(213, 14, '2023-01-08 17:00:00', 80, 'Raka'),
(214, 6, '2023-01-10 17:00:00', 145, 'Raka'),
(215, 11, '2023-01-10 17:00:00', 200, 'Raka'),
(216, 5, '2023-01-11 17:00:00', 150, 'Raka'),
(217, 36, '2023-01-11 17:00:00', 142, 'Raka'),
(218, 42, '2023-01-12 17:00:00', 111, 'Raka'),
(219, 31, '2023-01-13 17:00:00', 174, 'Raka'),
(220, 6, '2023-01-16 17:00:00', 140, 'Raka'),
(221, 3, '2023-01-17 17:00:00', 171, 'Raka'),
(222, 33, '2023-01-18 17:00:00', 87, 'Raka'),
(223, 10, '2023-01-20 17:00:00', 93, 'Raka'),
(224, 42, '2023-01-20 17:00:00', 189, 'Raka'),
(225, 36, '2023-01-23 17:00:00', 142, 'Raka'),
(226, 14, '2023-01-24 17:00:00', 92, 'Raka'),
(227, 17, '2023-01-24 17:00:00', 138, 'Raka'),
(228, 29, '2023-01-24 17:00:00', 200, 'Raka'),
(229, 43, '2023-01-24 17:00:00', 155, 'Raka'),
(230, 22, '2023-01-25 17:00:00', 101, 'Raka'),
(231, 27, '2023-01-25 17:00:00', 121, 'Raka'),
(232, 50, '2023-01-25 17:00:00', 128, 'Raka'),
(233, 10, '2023-01-26 17:00:00', 183, 'Raka'),
(234, 29, '2023-01-26 17:00:00', 117, 'Raka'),
(235, 20, '2023-01-29 17:00:00', 112, 'Raka'),
(236, 32, '2023-01-29 17:00:00', 123, 'Raka'),
(237, 45, '2023-01-29 17:00:00', 138, 'Raka'),
(238, 40, '2023-01-30 17:00:00', 110, 'Raka'),
(239, 10, '2023-01-31 17:00:00', 113, 'Raka'),
(240, 44, '2023-01-31 17:00:00', 81, 'Raka'),
(241, 7, '2023-02-01 17:00:00', 200, 'Raka'),
(242, 24, '2023-02-01 17:00:00', 119, 'Raka'),
(243, 14, '2023-02-02 17:00:00', 185, 'Raka'),
(244, 16, '2023-02-02 17:00:00', 177, 'Raka'),
(245, 14, '2023-02-03 17:00:00', 155, 'Raka'),
(246, 49, '2023-02-04 17:00:00', 185, 'Raka'),
(247, 40, '2023-02-05 17:00:00', 81, 'Raka'),
(248, 8, '2023-02-06 17:00:00', 106, 'Raka'),
(249, 37, '2023-02-07 17:00:00', 183, 'Raka'),
(250, 24, '2023-02-08 17:00:00', 94, 'Raka'),
(251, 31, '2023-02-08 17:00:00', 117, 'Raka'),
(252, 37, '2023-02-08 17:00:00', 99, 'Raka'),
(253, 46, '2023-02-09 17:00:00', 131, 'Raka'),
(254, 20, '2023-02-10 17:00:00', 191, 'Raka'),
(255, 17, '2023-02-11 17:00:00', 165, 'Raka'),
(256, 47, '2023-02-12 17:00:00', 92, 'Raka'),
(257, 19, '2023-02-14 17:00:00', 189, 'Raka'),
(258, 17, '2023-02-17 17:00:00', 173, 'Raka'),
(259, 17, '2023-02-17 17:00:00', 86, 'Raka'),
(260, 20, '2023-02-17 17:00:00', 121, 'Raka'),
(261, 45, '2023-02-17 17:00:00', 103, 'Raka'),
(262, 26, '2023-02-18 17:00:00', 161, 'Raka'),
(263, 40, '2023-02-19 17:00:00', 127, 'Raka'),
(264, 18, '2023-02-21 17:00:00', 105, 'Raka'),
(265, 34, '2023-02-21 17:00:00', 156, 'Raka'),
(266, 25, '2023-02-22 17:00:00', 110, 'Raka'),
(267, 42, '2023-02-23 17:00:00', 196, 'Raka'),
(268, 33, '2023-02-25 17:00:00', 168, 'Raka'),
(269, 48, '2023-02-25 17:00:00', 118, 'Raka'),
(270, 10, '2023-02-27 17:00:00', 184, 'Raka'),
(271, 47, '2023-02-27 17:00:00', 133, 'Raka'),
(272, 28, '2023-02-28 17:00:00', 118, 'Raka'),
(273, 11, '2023-03-01 17:00:00', 86, 'Raka'),
(274, 21, '2023-03-02 17:00:00', 151, 'Raka'),
(275, 35, '2023-03-02 17:00:00', 153, 'Raka'),
(276, 35, '2023-03-02 17:00:00', 126, 'Raka'),
(277, 19, '2023-03-03 17:00:00', 105, 'Raka'),
(278, 8, '2023-03-05 17:00:00', 80, 'Raka'),
(279, 21, '2023-03-06 17:00:00', 134, 'Raka'),
(280, 12, '2023-03-07 17:00:00', 144, 'Raka'),
(281, 32, '2023-03-08 17:00:00', 102, 'Raka'),
(282, 8, '2023-03-09 17:00:00', 198, 'Raka'),
(283, 21, '2023-03-09 17:00:00', 134, 'Raka'),
(284, 5, '2023-03-10 17:00:00', 132, 'Raka'),
(285, 21, '2023-03-13 17:00:00', 146, 'Raka'),
(286, 31, '2023-03-13 17:00:00', 82, 'Raka'),
(287, 46, '2023-03-15 17:00:00', 96, 'Raka'),
(288, 4, '2023-03-17 17:00:00', 121, 'Raka'),
(289, 45, '2023-03-17 17:00:00', 142, 'Raka'),
(290, 3, '2023-03-18 17:00:00', 125, 'Raka'),
(291, 5, '2023-03-18 17:00:00', 156, 'Raka'),
(292, 45, '2023-03-18 17:00:00', 168, 'Raka'),
(293, 49, '2023-03-20 17:00:00', 154, 'Restu'),
(294, 42, '2023-03-21 17:00:00', 177, 'Restu'),
(295, 43, '2023-03-21 17:00:00', 161, 'Restu'),
(296, 3, '2023-03-24 17:00:00', 109, 'Restu'),
(297, 37, '2023-03-25 17:00:00', 93, 'Restu'),
(298, 47, '2023-03-26 17:00:00', 174, 'Restu'),
(299, 20, '2023-03-29 17:00:00', 124, 'Restu'),
(300, 22, '2023-03-29 17:00:00', 182, 'Restu'),
(301, 49, '2023-03-29 17:00:00', 170, 'Restu'),
(302, 11, '2023-03-30 17:00:00', 129, 'Restu'),
(303, 7, '2023-03-31 17:00:00', 179, 'Restu'),
(304, 16, '2023-04-03 17:00:00', 194, 'Restu'),
(305, 18, '2023-04-04 17:00:00', 159, 'Restu'),
(306, 29, '2023-04-04 17:00:00', 147, 'Restu'),
(307, 21, '2023-04-05 17:00:00', 105, 'Restu'),
(308, 18, '2023-04-06 17:00:00', 174, 'Restu'),
(309, 23, '2023-04-06 17:00:00', 184, 'Restu'),
(310, 11, '2023-04-07 17:00:00', 92, 'Restu'),
(311, 41, '2023-04-07 17:00:00', 119, 'Restu'),
(312, 46, '2023-04-07 17:00:00', 173, 'Restu'),
(313, 17, '2023-04-08 17:00:00', 132, 'Restu'),
(314, 1, '2023-04-10 17:00:00', 135, 'Restu'),
(315, 13, '2023-04-13 17:00:00', 200, 'Restu'),
(316, 45, '2023-04-13 17:00:00', 141, 'Restu'),
(317, 13, '2023-04-14 17:00:00', 87, 'Restu'),
(318, 15, '2023-04-14 17:00:00', 92, 'Restu'),
(319, 38, '2023-04-14 17:00:00', 120, 'Restu'),
(320, 5, '2023-04-15 17:00:00', 182, 'Restu'),
(321, 33, '2023-04-16 17:00:00', 159, 'Restu'),
(322, 5, '2023-04-17 17:00:00', 97, 'Restu'),
(323, 29, '2023-04-17 17:00:00', 189, 'Restu'),
(324, 39, '2023-04-17 17:00:00', 183, 'Restu'),
(325, 27, '2023-04-19 17:00:00', 82, 'Restu'),
(326, 47, '2023-04-19 17:00:00', 195, 'Restu'),
(327, 4, '2023-04-20 17:00:00', 152, 'Restu'),
(328, 25, '2023-04-20 17:00:00', 167, 'Restu'),
(329, 11, '2023-04-21 17:00:00', 123, 'Restu'),
(330, 48, '2023-04-21 17:00:00', 101, 'Restu'),
(331, 16, '2023-04-22 17:00:00', 90, 'Restu'),
(332, 4, '2023-04-24 17:00:00', 96, 'Restu'),
(333, 36, '2023-04-24 17:00:00', 87, 'Restu'),
(334, 1, '2023-04-25 17:00:00', 107, 'Restu'),
(335, 6, '2023-04-25 17:00:00', 168, 'Restu'),
(336, 19, '2023-04-25 17:00:00', 164, 'Restu'),
(337, 39, '2023-04-28 17:00:00', 191, 'Restu'),
(338, 4, '2023-04-29 17:00:00', 120, 'Restu'),
(339, 35, '2023-04-29 17:00:00', 126, 'Restu'),
(340, 8, '2023-04-30 17:00:00', 192, 'Restu'),
(341, 9, '2023-05-03 17:00:00', 170, 'Restu'),
(342, 16, '2023-05-04 17:00:00', 89, 'Restu'),
(343, 33, '2023-05-04 17:00:00', 137, 'Restu'),
(344, 43, '2023-05-05 17:00:00', 134, 'Restu'),
(345, 44, '2023-05-05 17:00:00', 115, 'Restu'),
(346, 46, '2023-05-05 17:00:00', 149, 'Restu'),
(347, 20, '2023-05-07 17:00:00', 136, 'Restu'),
(348, 49, '2023-05-07 17:00:00', 112, 'Restu'),
(349, 24, '2023-05-08 17:00:00', 136, 'Restu'),
(350, 28, '2023-05-09 17:00:00', 81, 'Restu'),
(351, 2, '2023-05-11 17:00:00', 87, 'Restu'),
(352, 47, '2023-05-12 17:00:00', 165, 'Restu'),
(353, 45, '2023-05-14 17:00:00', 184, 'Restu'),
(354, 17, '2023-05-16 17:00:00', 163, 'Restu'),
(355, 25, '2023-05-16 17:00:00', 156, 'Restu'),
(356, 22, '2023-05-18 17:00:00', 140, 'Restu'),
(357, 29, '2023-05-18 17:00:00', 100, 'Restu'),
(358, 28, '2023-05-19 17:00:00', 173, 'Restu'),
(359, 4, '2023-05-20 17:00:00', 97, 'Restu'),
(360, 6, '2023-05-20 17:00:00', 101, 'Restu'),
(361, 11, '2023-05-20 17:00:00', 178, 'Restu'),
(362, 26, '2023-05-20 17:00:00', 199, 'Restu'),
(363, 23, '2023-05-21 17:00:00', 84, 'Restu'),
(364, 18, '2023-05-22 17:00:00', 165, 'Restu'),
(365, 36, '2023-05-22 17:00:00', 131, 'Restu'),
(366, 11, '2023-05-24 17:00:00', 156, 'Restu'),
(367, 24, '2023-05-26 17:00:00', 176, 'Restu'),
(368, 35, '2023-05-26 17:00:00', 83, 'Restu'),
(369, 43, '2023-05-26 17:00:00', 105, 'Restu'),
(370, 4, '2023-05-27 17:00:00', 149, 'Restu'),
(371, 5, '2023-05-28 17:00:00', 191, 'Restu'),
(372, 16, '2023-05-28 17:00:00', 94, 'Restu'),
(373, 24, '2023-05-28 17:00:00', 196, 'Restu'),
(374, 14, '2023-05-29 17:00:00', 125, 'Restu'),
(375, 20, '2023-05-30 17:00:00', 82, 'Restu'),
(376, 18, '2023-06-01 17:00:00', 147, 'Restu'),
(377, 19, '2023-06-01 17:00:00', 190, 'Restu'),
(378, 39, '2023-06-01 17:00:00', 162, 'Restu'),
(379, 47, '2023-06-01 17:00:00', 150, 'Restu'),
(380, 6, '2023-06-02 17:00:00', 194, 'Restu'),
(381, 33, '2023-06-02 17:00:00', 100, 'Restu'),
(382, 7, '2023-06-03 17:00:00', 91, 'Restu'),
(383, 15, '2023-06-05 17:00:00', 180, 'Restu'),
(384, 12, '2023-06-06 17:00:00', 135, 'Restu'),
(385, 40, '2023-06-06 17:00:00', 87, 'Restu'),
(386, 43, '2023-06-08 17:00:00', 145, 'Restu'),
(387, 39, '2023-06-09 17:00:00', 81, 'Restu'),
(388, 44, '2023-06-11 17:00:00', 173, 'Restu'),
(389, 4, '2023-06-12 17:00:00', 104, 'Restu'),
(390, 1, '2023-06-13 17:00:00', 133, 'Restu'),
(391, 12, '2023-06-13 17:00:00', 180, 'Restu'),
(392, 31, '2023-06-14 17:00:00', 141, 'Restu'),
(393, 13, '2023-06-15 17:00:00', 104, 'Restu'),
(394, 20, '2023-06-15 17:00:00', 147, 'Restu'),
(395, 31, '2023-06-15 17:00:00', 169, 'Restu'),
(396, 31, '2023-06-17 17:00:00', 110, 'Restu'),
(397, 36, '2023-06-17 17:00:00', 164, 'Restu'),
(398, 37, '2023-06-17 17:00:00', 154, 'Restu'),
(399, 23, '2023-06-18 17:00:00', 105, 'Restu'),
(400, 40, '2023-06-19 17:00:00', 193, 'Restu'),
(401, 48, '2023-06-19 17:00:00', 139, 'Restu'),
(402, 49, '2023-06-21 17:00:00', 163, 'Restu'),
(403, 3, '2023-06-22 17:00:00', 126, 'Restu'),
(404, 40, '2023-06-22 17:00:00', 90, 'Restu'),
(405, 43, '2023-06-23 17:00:00', 190, 'Restu'),
(406, 26, '2023-06-24 17:00:00', 199, 'Restu'),
(407, 39, '2023-06-25 17:00:00', 93, 'Restu'),
(408, 5, '2023-06-26 17:00:00', 124, 'Restu'),
(409, 34, '2023-06-26 17:00:00', 181, 'Restu'),
(410, 20, '2023-06-27 17:00:00', 81, 'Restu'),
(411, 32, '2023-06-27 17:00:00', 90, 'Restu'),
(412, 44, '2023-06-27 17:00:00', 192, 'Restu'),
(413, 40, '2023-06-29 17:00:00', 102, 'Restu'),
(414, 45, '2023-06-29 17:00:00', 130, 'Restu'),
(415, 12, '2023-06-30 17:00:00', 127, 'Restu'),
(416, 13, '2023-06-30 17:00:00', 133, 'Restu'),
(417, 1, '2023-07-01 17:00:00', 155, 'Restu'),
(418, 25, '2023-07-05 17:00:00', 165, 'Restu'),
(419, 15, '2023-07-06 17:00:00', 99, 'Restu'),
(420, 19, '2023-07-07 17:00:00', 129, 'Restu'),
(421, 46, '2023-07-07 17:00:00', 98, 'Restu'),
(422, 14, '2023-07-08 17:00:00', 173, 'Restu'),
(423, 26, '2023-07-08 17:00:00', 86, 'Restu'),
(424, 39, '2023-07-08 17:00:00', 148, 'Restu'),
(425, 7, '2023-07-09 17:00:00', 189, 'Restu'),
(426, 14, '2023-07-09 17:00:00', 134, 'Restu'),
(427, 9, '2023-07-11 17:00:00', 123, 'Restu'),
(428, 22, '2023-07-11 17:00:00', 88, 'Restu'),
(429, 4, '2023-07-12 17:00:00', 170, 'Restu'),
(430, 32, '2023-07-12 17:00:00', 109, 'Restu'),
(431, 9, '2023-07-13 17:00:00', 90, 'Restu'),
(432, 13, '2023-07-13 17:00:00', 157, 'Restu'),
(433, 1, '2023-07-14 17:00:00', 150, 'Restu'),
(434, 37, '2023-07-14 17:00:00', 84, 'Restu'),
(435, 45, '2023-07-14 17:00:00', 167, 'Restu'),
(436, 19, '2023-07-16 17:00:00', 121, 'Restu'),
(437, 25, '2023-07-16 17:00:00', 188, 'Restu'),
(438, 27, '2023-07-16 17:00:00', 122, 'Restu'),
(439, 10, '2023-07-17 17:00:00', 145, 'Restu'),
(440, 47, '2023-07-17 17:00:00', 154, 'Restu'),
(441, 23, '2023-07-18 17:00:00', 109, 'Restu'),
(442, 33, '2023-07-18 17:00:00', 118, 'Restu'),
(443, 20, '2023-07-19 17:00:00', 175, 'Restu'),
(444, 22, '2023-07-19 17:00:00', 190, 'Restu'),
(445, 35, '2023-07-21 17:00:00', 171, 'Restu'),
(446, 4, '2023-07-22 17:00:00', 119, 'Restu'),
(447, 14, '2023-07-22 17:00:00', 93, 'Restu'),
(448, 11, '2023-07-24 17:00:00', 140, 'Restu'),
(449, 26, '2023-07-24 17:00:00', 109, 'Restu'),
(450, 18, '2023-07-26 17:00:00', 88, 'Restu'),
(451, 48, '2023-07-27 17:00:00', 200, 'Restu');

-- --------------------------------------------------------

--
-- Struktur dari tabel `stock`
--

CREATE TABLE `stock` (
  `idbarang` int(11) NOT NULL,
  `kode` varchar(11) NOT NULL,
  `namabarang` varchar(50) NOT NULL,
  `jenis` varchar(50) NOT NULL,
  `stock` int(50) NOT NULL,
  `harga` int(50) NOT NULL,
  `Total` int(20) NOT NULL
) ENGINE=InnoDB DEFAULT CHARSET=utf8mb4 COLLATE=utf8mb4_general_ci;

--
-- Dumping data untuk tabel `stock`
--

INSERT INTO `stock` (`idbarang`, `kode`, `namabarang`, `jenis`, `stock`, `harga`, `Total`) VALUES
(1, '1A365', 'AD CB', 'Additive', 1040, 260000, 0),
(2, '1A346', 'AD CB (JS)', 'Additive', 155, 460000, 0),
(3, '1A316', 'AD DRE', 'Additive', 478, 201000, 0),
(4, '1A267', 'AD M-07', 'Additive', 694, 296000, 0),
(5, '1A332', 'AD M-08', 'Additive', 827, 301000, 0),
(6, '1A278', 'AD HM-05', 'Additive', 593, 409000, 0),
(7, '1A327', 'AD PRO-4470', 'Additive', 576, 341000, 0),
(8, '1A340', 'AD PWR', 'Additive', 870, 910000, 0),
(9, '1A345', 'AD STPN', 'Additive', 719, 322000, 0),
(10, '1A331', 'AD WXZ-89', 'Additive', 765, 143000, 0),
(11, '1E080', 'BINPEL PQU', 'Binder', 808, 232000, 0),
(12, '1E139', 'BINSAV ALB-8270', 'Binder', 501, 415000, 0),
(13, '1E137', 'BINSAV AMB-8680T', 'Binder', 885, 495000, 0),
(14, '1E006', 'BINSAV AMB-0270', 'Binder', 790, 235000, 0),
(15, '1E178', 'BINSAV AMB-2480', 'Binder', 332, 175000, 0),
(16, '1E202', 'BINSAV AMB-2173 (HV)', 'Binder', 706, 225000, 0),
(17, '1E167', 'BINSAV ASB-3877', 'Binder', 734, 98000, 0),
(18, '1E198', 'BINSAV ASB-4172', 'Binder', 1188, 99000, 0),
(19, '1E186', 'BINSAV ASB-2170', 'Binder', 1123, 481000, 0),
(20, '1E180', 'BINSAV ASN-4340', 'Binder', 941, 403000, 0),
(21, '1B094', 'BAR BA-87', 'Filler', 643, 491000, 0),
(22, '1B100', 'CEL GB', 'Filler', 595, 374000, 0),
(23, '1B041', 'CEL YT-6', 'Filler', 552, 163000, 0),
(24, '1B062', 'CEL YT-28', 'Filler', 668, 820000, 0),
(25, '1B056', 'CEL YT-3', 'Filler', 755, 339000, 0),
(26, '1B066', 'CEL YT-09C', 'Filler', 734, 409000, 0),
(27, '1B086', 'KALSA BB-5', 'Filler', 381, 107000, 0),
(28, '1B037', 'KALSA-4', 'Filler', 277, 950000, 0),
(29, '1B095', 'KIT-20M', 'Filler', 733, 438000, 0),
(30, '1B088', 'KIT-29S', 'Filler', 313, 238000, 0),
(31, '1D337', 'AL-H L 207', 'Pigment', 954, 291000, 0),
(32, '1D363', 'AL-NSR 007', 'Pigment', 523, 363000, 0),
(33, '1D353', 'AL-ITH 3', 'Pigment', 777, 750000, 0),
(34, '1D365', 'AL-RYD 4325', 'Pigment', 825, 352000, 0),
(35, '1D218', 'AL-GZL 6233', 'Pigment', 441, 423000, 0),
(36, '1D366', 'AL-KH 2107', 'Pigment', 480, 162000, 0),
(37, '1D241', 'P1 15.1 (BA)', 'Pigment', 595, 130000, 0),
(38, '1D335', 'P1 15.3 (US)', 'Pigment', 210, 216000, 0),
(39, '1D330', 'P1 810-60 (BR)', 'Pigment', 997, 469000, 0),
(40, '1D286', 'P10 36 (BA)', 'Pigment', 479, 472000, 0),
(41, '1F513', 'AERODY EMY', 'Solvent', 307, 356000, 0),
(42, '1F062', 'SELL ACT', 'Solvent', 948, 295000, 0),
(43, '1F001', 'SAM ABEF', 'Solvent', 686, 314000, 0),
(44, '1F052', 'SAM AMSA', 'Solvent', 542, 249000, 0),
(45, '1F041', 'SAL BMP', 'Solvent', 904, 483000, 0),
(46, '1F512', 'SAL AMB (VV)', 'Solvent', 384, 317000, 0),
(47, '1F059', 'SAL ASBUN (MA)', 'Solvent', 821, 114000, 0),
(48, '1F028', 'SAL BU', 'Solvent', 609, 365000, 0),
(49, '1F012', 'SAL BNI', 'Solvent', 678, 194000, 0),
(50, '1F526', 'SAL BB', 'Solvent', 593, 290000, 0);

-- --------------------------------------------------------

--
-- Struktur dari tabel `stockopname`
--

CREATE TABLE `stockopname` (
  `idstockopname` int(11) NOT NULL,
  `tanggal` timestamp NOT NULL DEFAULT current_timestamp() ON UPDATE current_timestamp(),
  `idbarang` int(11) NOT NULL,
  `stocksistem` int(20) NOT NULL,
  `stockfisik` float NOT NULL,
  `selisih` float NOT NULL,
  `harga` int(20) NOT NULL,
  `selisih_harga` int(20) NOT NULL,
  `petugas` varchar(50) NOT NULL,
  `keterangan` varchar(50) NOT NULL
) ENGINE=InnoDB DEFAULT CHARSET=utf8mb4 COLLATE=utf8mb4_general_ci;

--
-- Dumping data untuk tabel `stockopname`
--

INSERT INTO `stockopname` (`idstockopname`, `tanggal`, `idbarang`, `stocksistem`, `stockfisik`, `selisih`, `harga`, `selisih_harga`, `petugas`, `keterangan`) VALUES
(10, '2023-08-14 14:40:40', 1, 1040, 1039.2, 0.8, 0, 208000, 'Restu', 'OK!'),
(11, '2023-08-14 14:41:14', 2, 155, 154.5, 0.5, 0, 230000, 'Restu', 'OK!'),
(12, '2023-08-14 14:41:51', 8, 870, 869.5, 0.5, 0, 455000, 'Restu', 'OK!'),
(13, '2023-08-14 14:42:26', 50, 593, 592, 1, 0, 290000, 'Restu', 'OK!'),
(14, '2023-08-14 14:43:10', 9, 719, 715, 4, 0, 1288000, 'Restu', 'Selisih 0.56%');

-- --------------------------------------------------------

--
-- Struktur dari tabel `user`
--

CREATE TABLE `user` (
  `iduser` int(11) NOT NULL,
  `nama` varchar(50) NOT NULL,
  `email` varchar(50) NOT NULL,
  `password` varchar(99) NOT NULL
) ENGINE=InnoDB DEFAULT CHARSET=utf8mb4 COLLATE=utf8mb4_general_ci;

--
-- Dumping data untuk tabel `user`
--

INSERT INTO `user` (`iduser`, `nama`, `email`, `password`) VALUES
(1, 'Restu Wilianto Pratama', 'restu@gmail.com', '$2y$10$etjm/ohUq62fgGMGWsNt6OU8S.bgcosTbz64gW0Duyzfmnb.WjYxK'),
(2, 'coki pardede', 'pardedecoki@test.com', '$2y$10$JZ/xtmiKAqZv2OSrtGxaQe0Kztv1Wu0jt6mJzVfh6MBAu.Dr1F8x.'),
(19, 'Raka Pamgestu', 'raka@yahoo.com', '$2y$10$.puJlJHQgowpUSf7Byg2jufD7IcgU234ZjySNMA5C8IlXyY3R5YFi'),
(20, 'test', 'test@gmail.com', '$2y$10$jhV85E693KjyJwhgAojgRuCzULTwdkT14YFrqjDqjyTSwQXZphmYK');

--
-- Indexes for dumped tables
--

--
-- Indeks untuk tabel `keluar`
--
ALTER TABLE `keluar`
  ADD PRIMARY KEY (`idkeluar`),
  ADD KEY `idbarang` (`idbarang`);

--
-- Indeks untuk tabel `masuk`
--
ALTER TABLE `masuk`
  ADD PRIMARY KEY (`idmasuk`),
  ADD KEY `idbarang` (`idbarang`);

--
-- Indeks untuk tabel `stock`
--
ALTER TABLE `stock`
  ADD PRIMARY KEY (`idbarang`);

--
-- Indeks untuk tabel `stockopname`
--
ALTER TABLE `stockopname`
  ADD PRIMARY KEY (`idstockopname`),
  ADD KEY `idbarang` (`idbarang`);

--
-- Indeks untuk tabel `user`
--
ALTER TABLE `user`
  ADD PRIMARY KEY (`iduser`);

--
-- AUTO_INCREMENT untuk tabel yang dibuang
--

--
-- AUTO_INCREMENT untuk tabel `keluar`
--
ALTER TABLE `keluar`
  MODIFY `idkeluar` int(11) NOT NULL AUTO_INCREMENT, AUTO_INCREMENT=1352;

--
-- AUTO_INCREMENT untuk tabel `masuk`
--
ALTER TABLE `masuk`
  MODIFY `idmasuk` int(11) NOT NULL AUTO_INCREMENT, AUTO_INCREMENT=453;

--
-- AUTO_INCREMENT untuk tabel `stock`
--
ALTER TABLE `stock`
  MODIFY `idbarang` int(11) NOT NULL AUTO_INCREMENT, AUTO_INCREMENT=52;

--
-- AUTO_INCREMENT untuk tabel `stockopname`
--
ALTER TABLE `stockopname`
  MODIFY `idstockopname` int(11) NOT NULL AUTO_INCREMENT, AUTO_INCREMENT=15;

--
-- AUTO_INCREMENT untuk tabel `user`
--
ALTER TABLE `user`
  MODIFY `iduser` int(11) NOT NULL AUTO_INCREMENT, AUTO_INCREMENT=21;

--
-- Ketidakleluasaan untuk tabel pelimpahan (Dumped Tables)
--

--
-- Ketidakleluasaan untuk tabel `keluar`
--
ALTER TABLE `keluar`
  ADD CONSTRAINT `keluar_ibfk_1` FOREIGN KEY (`idbarang`) REFERENCES `stock` (`idbarang`) ON DELETE CASCADE ON UPDATE CASCADE;

--
-- Ketidakleluasaan untuk tabel `masuk`
--
ALTER TABLE `masuk`
  ADD CONSTRAINT `masuk_ibfk_1` FOREIGN KEY (`idbarang`) REFERENCES `stock` (`idbarang`) ON DELETE CASCADE ON UPDATE CASCADE;

--
-- Ketidakleluasaan untuk tabel `stockopname`
--
ALTER TABLE `stockopname`
  ADD CONSTRAINT `stockopname_ibfk_1` FOREIGN KEY (`idbarang`) REFERENCES `stock` (`idbarang`) ON DELETE CASCADE ON UPDATE CASCADE;
COMMIT;

/*!40101 SET CHARACTER_SET_CLIENT=@OLD_CHARACTER_SET_CLIENT */;
/*!40101 SET CHARACTER_SET_RESULTS=@OLD_CHARACTER_SET_RESULTS */;
/*!40101 SET COLLATION_CONNECTION=@OLD_COLLATION_CONNECTION */;
